{"Sound_Master":0.61441570520401,"Sound_Music":0.6391830444335938,"Sound_Sound":0.3739490807056427,"Quality":2}
